{
    "data":{
        "index":{
            "itemSize":1,
            "type":"Uint16Array",
            "array":[0,1,2,2,1,3,4,5,6,6,5,7,8,9,10,10,9,11,12,13,14,14,13,15,16,17,18,18,17,19,20,21,22,22,21,23,24,25,26,26,25,27,28,29,30,30,29,31,32,33,34,34,33,35,36,37,38,38,37,39,40,41,42,42,41,43,44,45,46,46,45,47,48,49,50,50,49,51,52,53,54,54,53,55,56,57,58,58,57,59,60,61,62,62,61,63,64,65,66,66,65,67,68,69,70,70,69,71,72,73,74,74,73,75,76,77,78,78,77,79,80,81,82,82,81,83,84,85,86,86,85,87,88,89,90,90,89,91,92,93,94,94,93,95,96,97,98,98,97,99,100,101,102,100,102,103,104,105,106,104,106,107,108,109,110,108,110,111,112,113,114,112,114,115,116,117,118,116,118,119,120,121,122,120,122,123,124,125,126,124,126,127,128,129,130,128,130,131,132,133,134,132,134,135,136,137,138,138,137,139,140,141,142,140,142,143,144,145,146,144,146,147,148,149,150,148,150,151,152,153,154,152,154,155,156,157,158,156,158,159,160,161,162,160,162,163,164,165,166,164,166,167,168,169,170,168,170,171,172,173,174,172,174,175,176,177,178,178,177,179,178,179,180,180,179,181,182,183,184,185,181,186,185,186,187,187,186,188,187,188,189,189,188,190,189,190,191,191,190,192,191,192,193,193,192,194,193,194,195,195,194,196,195,196,197,197,196,198,197,198,199,199,198,200,199,200,201,201,200,202,201,202,203,203,202,204,203,204,205,205,204,206,205,206,207,208,209,210,207,211,212,212,211,213,212,213,214,214,213,215,214,215,216,216,215,217,216,217,218,218,217,219,218,219,220,220,219,221,222,223,224,225,221,226,225,226,227,227,226,228,229,230,231,231,230,232,231,232,233,234,235,236,233,237,238,238,237,239,238,239,240,240,239,241,240,241,242,242,241,243,244,245,246,247,243,248,246,249,250,251,248,252,250,253,254,255,252,256,255,256,257,257,256,258,257,258,259,259,258,260,259,260,261,261,260,262,261,262,263,263,262,264,263,264,265,265,264,266,265,266,267,267,266,268,267,268,269,269,268,270,269,270,271,271,270,272,271,272,273,273,272,274,273,274,275,275,274,276,275,276,277,277,276,278,279,280,281,281,280,282,283,284,285,285,284,286,287,288,289,290,291,292,293,294,295,296,297,298,299,300,301,302,303,304,287,305,288,290,306,291,293,307,294,296,308,297,299,309,300,302,310,303]
        },
        "attributes":{
            "normal":{
                "itemSize":3,
                "type":"Float32Array",
                "array":[-0,0,1,-0,0,1,-0,0,1,-0,0,1,0,-1,0,0,-1,0,0,-1,0,0,-1,-0,0,0,-1,0,0,-1,0,0,-1,0,0,-1,0,-0.0871538,-0.996195,0,-0.0871538,-0.996195,0,-0.0871538,-0.996195,0,-0.0871538,-0.996195,0,-0.258825,-0.965924,0,-0.258825,-0.965924,0,-0.258825,-0.965924,0,-0.258825,-0.965924,0,-0.422616,-0.906309,0,-0.422616,-0.906309,0,-0.422616,-0.906309,0,-0.422616,-0.906309,0,-0.573577,-0.819152,0,-0.573577,-0.819152,0,-0.573577,-0.819152,0,-0.573577,-0.819152,0,-0.707108,-0.707105,0,-0.707108,-0.707105,0,-0.707108,-0.707105,0,-0.707108,-0.707105,0,-0.81915,-0.57358,0,-0.81915,-0.57358,0,-0.81915,-0.57358,0,-0.81915,-0.57358,0,-0.906307,-0.422619,0,-0.906307,-0.422619,0,-0.906307,-0.422619,0,-0.906307,-0.422619,0,-0.965926,-0.258817,0,-0.965926,-0.258817,0,-0.965926,-0.258817,0,-0.965926,-0.258817,0,-0.996195,-0.0871565,0,-0.996195,-0.0871565,0,-0.996195,-0.0871565,0,-0.996195,-0.0871565,0,-1,0,0,-1,0,0,-1,0,0,-1,-0,0,-0.996195,0.0871561,0,-0.996195,0.0871561,0,-0.996195,0.0871561,0,-0.996195,0.0871561,0,-0.965926,0.258818,0,-0.965926,0.258818,0,-0.965926,0.258818,0,-0.965926,0.258818,0,-0.906307,0.422619,0,-0.906307,0.422619,0,-0.906307,0.422619,0,-0.906307,0.422619,0,-0.819153,0.573575,0,-0.819153,0.573575,0,-0.819153,0.573575,0,-0.819153,0.573575,0,-0.707107,0.707106,0,-0.707107,0.707106,0,-0.707107,0.707106,0,-0.707107,0.707106,0,-0.573572,0.819155,0,-0.573572,0.819155,0,-0.573572,0.819155,0,-0.573572,0.819155,0,-0.42262,0.906307,0,-0.42262,0.906307,0,-0.42262,0.906307,0,-0.42262,0.906307,0,-0.25882,0.965925,0,-0.25882,0.965925,0,-0.25882,0.965925,0,-0.25882,0.965925,0,-0.0871589,0.996194,0,-0.0871589,0.996194,0,-0.0871589,0.996194,0,-0.0871589,0.996194,-0,0,1,-0,0,1,-0,0,1,-0,0,1,0,-1,0,0,-1,0,0,-1,0,0,-1,-0,0,0,-1,0,0,-1,0,0,-1,0,0,-1,0,0.0871546,-0.996195,0,0.0871546,-0.996195,0,0.0871546,-0.996195,0,0.0871546,-0.996195,0,0.258818,-0.965926,0,0.258818,-0.965926,0,0.258818,-0.965926,0,0.258818,-0.965926,0,0.42262,-0.906307,0,0.42262,-0.906307,0,0.42262,-0.906307,0,0.42262,-0.906307,0,0.573575,-0.819153,0,0.573575,-0.819153,0,0.573575,-0.819153,0,0.573575,-0.819153,0,0.707107,-0.707106,0,0.707107,-0.707106,0,0.707107,-0.707106,0,0.707107,-0.707106,0,0.819151,-0.573578,0,0.819151,-0.573578,0,0.819151,-0.573578,0,0.819151,-0.573578,0,0.906308,-0.422618,0,0.906308,-0.422618,0,0.906308,-0.422618,0,0.906308,-0.422618,0,0.965926,-0.258818,0,0.965926,-0.258818,0,0.965926,-0.258818,0,0.965926,-0.258818,0,0.996195,-0.0871554,0,0.996195,-0.0871554,0,0.996195,-0.0871554,0,0.996195,-0.0871554,-0,1,0,-0,1,0,-0,1,0,0,1,-0,-0,0.996195,0.087156,-0,0.996195,0.087156,-0,0.996195,0.087156,0,0.996195,0.087156,-0,0.965926,0.258819,-0,0.965926,0.258819,-0,0.965926,0.258819,0,0.965926,0.258819,-0,0.906309,0.422617,-0,0.906309,0.422617,-0,0.906309,0.422617,0,0.906309,0.422617,-0,0.819153,0.573576,-0,0.819153,0.573576,-0,0.819153,0.573576,0,0.819153,0.573576,-0,0.707107,0.707106,-0,0.707107,0.707106,-0,0.707107,0.707106,0,0.707107,0.707106,-0,0.573575,0.819153,-0,0.573575,0.819153,-0,0.573575,0.819153,0,0.573575,0.819153,-0,0.422616,0.906309,-0,0.422616,0.906309,-0,0.422616,0.906309,0,0.422616,0.906309,-0,0.258818,0.965926,-0,0.258818,0.965926,-0,0.258818,0.965926,0,0.258818,0.965926,-0,0.0871591,0.996194,-0,0.0871591,0.996194,-0,0.0871591,0.996194,0,0.0871591,0.996194,1,0,-0,1,0,-0,1,0,-0,1,0,-0,1,0,-0,1,0,-0,1,0,0,1,0,0,1,0,0,1,0,-0,1,0,-0,1,0,0,1,0,-0,1,0,0,1,0,-0,1,0,0,1,0,-0,1,0,0,1,0,0,1,0,0,1,0,0,1,0,0,1,0,0,1,0,0,1,0,0,1,0,0,1,0,0,1,0,0,1,0,0,1,0,0,1,0,0,1,0,0,1,0,0,1,0,0,1,0,0,1,0,0,1,0,0,1,0,0,1,0,0,1,0,0,1,-0,0,1,0,0,1,-0,0,1,0,0,1,-0,0,1,0,0,1,-0,0,1,-0,0,1,-0,0,1,0,0,1,0,0,1,-0,0,1,-0,0,-1,-0,-0,-1,-0,-0,-1,-0,-0,-1,-0,-0,-1,-0,-0,-1,-0,-0,-1,-0,-0,-1,-0,-0,-1,-0,0,-1,-0,0,-1,-0,-0,-1,-0,0,-1,-0,-0,-1,-0,0,-1,-0,-0,-1,-0,0,-1,-0,0,-1,-0,0,-1,-0,-0,-1,-0,-0,-1,-0,0,-1,-0,0,-1,-0,0,-1,-0,0,-1,-0,0,-1,-0,0,-1,-0,0,-1,-0,0,-1,-0,0,-1,-0,0,-1,-0,0,-1,-0,0,-1,0,0,-1,-0,0,-1,0,0,-1,-0,0,-1,0,0,-1,-0,0,-1,0,0,-1,-0,0,-1,0,0,-1,-0,0,-1,0,0,-1,-0,0,-1,0,0,-1,0,0,-1,0,0,-1,0,0,-1,0,0,-1,0,0,-1,0,0,-1,0,0,-1,0,0,-1,0,0,-1,0,0,-1,0,0,-1,0,0,-1,0,0,-1,0,0,-1,0,0,-1,0,0,0,-5.96046e-08,-1,0,-5.96046e-08,-1,0,-5.96046e-08,-1,1,-0,0,1,-0,0,1,-0,0,0,1.19209e-07,1,0,1.19209e-07,1,0,1.19209e-07,1,0,-1,0,0,-1,0,0,-1,0,0,1,-0,0,1,-0,0,1,-0,-1,0,0,-0,-5.96046e-08,-1,1,0,0,-0,1.19209e-07,1,0,-1,0,0,1,0]
            },
            "position":{
                "itemSize":3,
                "type":"Float32Array",